<application>
  <component name="FeatureSuggesterSettings">
    <option name="workingDays">
      <list>
        <option value="1653048161954" />
        <option value="1653152014945" />
        <option value="1653246595483" />
        <option value="1653292585299" />
        <option value="1653424233588" />
        <option value="1653552285552" />
        <option value="1653658245436" />
        <option value="1653691477284" />
        <option value="1653994488935" />
        <option value="1654084052048" />
        <option value="1654169988291" />
        <option value="1654269230445" />
        <option value="1654330770494" />
      </list>
    </option>
  </component>
</application>